[
  {
    "category": "``gamelift``", 
    "description": "Update gamelift command to latest version", 
    "type": "api-change"
  }, 
  {
    "category": "``es``", 
    "description": "Update es command to latest version", 
    "type": "api-change"
  }, 
  {
    "category": "``robomaker``", 
    "description": "Update robomaker command to latest version", 
    "type": "api-change"
  }, 
  {
    "category": "``medialive``", 
    "description": "Update medialive command to latest version", 
    "type": "api-change"
  }
]