[
  {
    "category": "``workspaces``", 
    "description": "Update workspaces command to latest version", 
    "type": "api-change"
  }, 
  {
    "category": "``pinpoint-email``", 
    "description": "Update pinpoint-email command to latest version", 
    "type": "api-change"
  }, 
  {
    "category": "``servicecatalog``", 
    "description": "Update servicecatalog command to latest version", 
    "type": "api-change"
  }, 
  {
    "category": "``medialive``", 
    "description": "Update medialive command to latest version", 
    "type": "api-change"
  }
]