[
  {
    "category": "``stepfunctions``", 
    "description": "Update stepfunctions command to latest version", 
    "type": "api-change"
  }, 
  {
    "category": "``athena``", 
    "description": "Update athena command to latest version", 
    "type": "api-change"
  }, 
  {
    "category": "``cloud9``", 
    "description": "Update cloud9 command to latest version", 
    "type": "api-change"
  }, 
  {
    "category": "``glue``", 
    "description": "Update glue command to latest version", 
    "type": "api-change"
  }
]