[
  {
    "category": "``alexaforbusiness``", 
    "description": "Update alexaforbusiness command to latest version", 
    "type": "api-change"
  }, 
  {
    "category": "``storagegateway``", 
    "description": "Update storagegateway command to latest version", 
    "type": "api-change"
  }, 
  {
    "category": "``ssm``", 
    "description": "Update ssm command to latest version", 
    "type": "api-change"
  }, 
  {
    "category": "``appsync``", 
    "description": "Update appsync command to latest version", 
    "type": "api-change"
  }
]