[
  {
    "category": "``iotanalytics``", 
    "description": "Update iotanalytics command to latest version", 
    "type": "api-change"
  }, 
  {
    "category": "``rds``", 
    "description": "Update rds command to latest version", 
    "type": "api-change"
  }, 
  {
    "category": "``iotevents-data``", 
    "description": "Update iotevents-data command to latest version", 
    "type": "api-change"
  }, 
  {
    "category": "``codecommit``", 
    "description": "Update codecommit command to latest version", 
    "type": "api-change"
  }, 
  {
    "category": "``rds-data``", 
    "description": "Update rds-data command to latest version", 
    "type": "api-change"
  }, 
  {
    "category": "``kafka``", 
    "description": "Update kafka command to latest version", 
    "type": "api-change"
  }, 
  {
    "category": "``pinpoint-email``", 
    "description": "Update pinpoint-email command to latest version", 
    "type": "api-change"
  }, 
  {
    "category": "``servicecatalog``", 
    "description": "Update servicecatalog command to latest version", 
    "type": "api-change"
  }, 
  {
    "category": "``iotevents``", 
    "description": "Update iotevents command to latest version", 
    "type": "api-change"
  }
]