[
  {
    "category": "``ec2``", 
    "description": "Update ec2 command to latest version", 
    "type": "api-change"
  }, 
  {
    "category": "``codepipeline``", 
    "description": "Update codepipeline command to latest version", 
    "type": "api-change"
  }, 
  {
    "category": "``rds``", 
    "description": "Update rds command to latest version", 
    "type": "api-change"
  }, 
  {
    "category": "``transcribe``", 
    "description": "Update transcribe command to latest version", 
    "type": "api-change"
  }, 
  {
    "category": "``mediapackage``", 
    "description": "Update mediapackage command to latest version", 
    "type": "api-change"
  }
]