[
  {
    "category": "``config``", 
    "description": "Update config command to latest version", 
    "type": "api-change"
  }, 
  {
    "category": "``iam``", 
    "description": "Update iam command to latest version", 
    "type": "api-change"
  }, 
  {
    "category": "``codepipeline``", 
    "description": "Update codepipeline command to latest version", 
    "type": "api-change"
  }, 
  {
    "category": "``sts``", 
    "description": "Update sts command to latest version", 
    "type": "api-change"
  }
]