[
  {
    "category": "``mediaconvert``", 
    "description": "Update mediaconvert command to latest version", 
    "type": "api-change"
  }, 
  {
    "category": "``iot1click-devices``", 
    "description": "Update iot1click-devices command to latest version", 
    "type": "api-change"
  }, 
  {
    "category": "``iotanalytics``", 
    "description": "Update iotanalytics command to latest version", 
    "type": "api-change"
  }, 
  {
    "category": "``directconnect``", 
    "description": "Update directconnect command to latest version", 
    "type": "api-change"
  }, 
  {
    "category": "``transcribe``", 
    "description": "Update transcribe command to latest version", 
    "type": "api-change"
  }, 
  {
    "category": "``robomaker``", 
    "description": "Update robomaker command to latest version", 
    "type": "api-change"
  }, 
  {
    "category": "``fms``", 
    "description": "Update fms command to latest version", 
    "type": "api-change"
  }
]